Mã sản phẩm,Tên sản phẩm,Giá,Doanh thu,Tên cửa hàng,Tỉ lệ hoa hồng,Hoa hồng,Link sản phẩm,Link ưu đãi
54303139432,"P185 – Gậy selfie gấp gọn kèm remote chụp hình, dùng cho điện thoại","280,0k",1k+,SYLAS STORE,6%,₫16.800,https://shopee.vn/product/1516589545/54303139432,https://s.shopee.vn/BRPPjaNow
42330107927,"Máy tính lặn Suunto Nautic S - Thiết bị lặn dành cho Lặn bình khí, Lặn tự do, Lặn kỹ thuật màn AMOLED - BH 2 Năm","18,7tr",1,Suunto Adventure Việt Nam,10%,₫1.868.900,https://shopee.vn/product/1262268601/42330107927,https://s.shopee.vn/17zDQb19v
42568221380,Apple iPhone 17 Pro Max 256GB Chính hãng ZP/A,"37,9tr",10k+,Viettel Store- AAR ,4%,₫1.515.600,https://shopee.vn/product/308461157/42568221380,https://s.shopee.vn/1BJwbZWZnA
28032850215,Apple iPad A16 11 inch 2025 Wifi 128GB,"10,1tr",10k+,Apple Flagship Store,4%,₫404.000,https://shopee.vn/product/88201679/28032850215,https://s.shopee.vn/110WPGXD89
53304499944,(Tặng Remote) Gậy chụp ảnh Selfie 4 chân A14 1M8 điều khiển từ xa có phân loại đèn trợ sáng Tripod chụp ảnh SPO1,"155,0k",30k+,SELFIE HATEK,16%,₫24.800,https://shopee.vn/product/1687369570/53304499944,https://s.shopee.vn/qh6CxXqT8
22945060098,Đồng hồ thông minh Samsung Galaxy Watch 5 40mm GPS/LTE (esim),"1,6tr",160,Smartwatch Giá Tốt,4%,₫62.400,https://shopee.vn/product/45451234/22945060098,https://s.shopee.vn/gNg0eYTo7
29841314383,Apple iPhone 17 256GB Chính hãng ZP/A,"24,4tr",10k+,Viettel Store- AAR ,4%,₫975.600,https://shopee.vn/product/308461157/29841314383,https://s.shopee.vn/1qZdOnU2RM
54304168230,Máy tính bảng OPPO Pad 5 8GB/256GB - Hàng chính hãng bảo hành 18 tháng,"14,0tr",78,OPPO Official Store,7%,₫979.300,https://shopee.vn/product/25452983/54304168230,https://s.shopee.vn/1gGDCUUfmL
48500941449,Toàn năng 4 dây sạc nhanh｜Pin dự phòng 20000mAh dung lượng lớn Đèn LED báo phần trăm Thiết yếu cho chơi game và du lịch,"356,0k",14,Cửa hàng bán buôn hàng điện tử,54%,₫192.240,https://shopee.vn/product/1654674476/48500941449,https://s.shopee.vn/1Vwn0BVJ7K
57255317015,Aolon GTR 3 Dày 8.8mm | Màn hình AMOLED 1.43 inch | IP68 | Tập thể dục lành mạnh AOD | Đồng hồ nữ,"849,0k",358,AOLON,12%,₫101.880,https://shopee.vn/product/1542481969/57255317015,https://s.shopee.vn/1LdMnsVwSJ
56658374537,"Điện Thoại OPPO Find X9 - LikeNew Full Phụ Kiện, Bảo Hành 12 Tháng Lỗi 1 Đổi 1 Trong 30 Ngày Đầu, Dimensity 9500","15,3tr",5,Thuanphatsmartphone 75,8%,₫1.226.000,https://shopee.vn/product/1779265991/56658374537,https://s.shopee.vn/2VpKC1RV5Y
48953121232,Máy tính bảng Lenovo Y700 Gen 4 Snap 8 Elite 99% fullbox,"12,7tr",44,Trần Dũng Tablet,8%,₫1.016.000,https://shopee.vn/product/1659857526/48953121232,https://s.shopee.vn/2LVtziS8QX
25967371602,"Quạt Mini Tích Điện Để Bàn Cực Mát, Quạt Tích Điện Mini Kẹp Bàn, Quạt Kẹp Xoay 720 độ Chắc Chắn Cho Dân Văn Phòng Hàng Đ","75,0k",5k+,quycuc68,11%,₫8.250,https://shopee.vn/product/1025928968/25967371602,https://s.shopee.vn/2BCTnPSllW
40064156032,"Kiumo đồng hồ thông minh trẻ em 4G GPS,gọi video HD,750mAh,chống nước,SIM,SOS,RAM 2+16GB,kèm dây đeo & ốp silicone","959,0k",608,Kiumo.Baby,16%,₫153.440,https://shopee.vn/product/1523487171/40064156032,https://s.shopee.vn/20t3b6TP6V
42168225876,Apple iPhone 17 Pro Max 512GB Chính hãng ZP/A,"44,3tr",10k+,Viettel Store- AAR ,4%,₫1.771.600,https://shopee.vn/product/308461157/42168225876,https://s.shopee.vn/3B50zFOxjk
26907634011,"Máy Phiên Dịch z6 dịch giọng nói không cần  mạng ,dịch hình  ảnh  ,dịch văn bản màn hình 4.1inch sắc nét","1,5tr",680,bob store66,9%,₫135.000,https://shopee.vn/product/1292069964/26907634011,https://s.shopee.vn/30lamwPb4j
57303977377,Sạc Dự Phòng 50000mAh Sạc Nhanh 22.5W Có Đèn Led Màn Hình Led Tương Thích Nhiều Dòng Thiết Bị,"429,0k",714,BASIKE Mall,14%,₫60.060,https://shopee.vn/product/354053381/57303977377,https://s.shopee.vn/2qSAadQEPi
27268269104,Đồng hồ thông minh Xiaomi Smart Band 10  - Độ sáng màn 1500 nit - Bảo hành 12 tháng,"1,1tr",30k+,Xiaomi Vietnam Brand Store,"6,5%",₫65.400,https://shopee.vn/product/1396654883/27268269104,https://s.shopee.vn/2g8kOKQrkh
29378280608,Điện Thoại Oppo A58 8GB/256GB - Hàng Chính Hãng,"2,7tr",1k+,Lucky_Studio,14%,₫384.720,https://shopee.vn/product/1212622919/29378280608,https://s.shopee.vn/3qKhmTMQNw
28958121200,"Máy Tính Bảng Samsung Galaxy Tab S9 12 inch 5G - RAM 16GB, ROM 512GB | Phục vụ học tập & công việc","2,5tr",2k+,Snow Movie,13%,₫327.584,https://shopee.vn/product/1327115533/28958121200,https://s.shopee.vn/3g1HaAN3iv
27668212483,Sạc Dự Phòng 30000mAh 2 Output USB 2 Input Micro Type-C - Hỗ Trợ Sạc Nhanh,"237,0k",500k+,Pin dự phòng nội địa Trung,14%,₫33.185,https://shopee.vn/product/938402459/27668212483,https://s.shopee.vn/3VhrNrNh3u
28926529887,"Đồng hồ thông minh định vị trẻ em GoodKid S06 36.5mm, lắp sim 4G,nghe gọi video, SOS, pin trâu 2025","552,5k",6k+,SBC- Đồng hồ thông minh,10%,₫55.248,https://shopee.vn/product/1475465851/28926529887,https://s.shopee.vn/3LORBYOKOt
49507854503,"Điện Thoại Oneplus 15 đã unlock sim, Bảo hành 12 tháng và lỗi 1 đổi 1 trong 30 ngày | Hỗ trợ up rom quốc tế miễn phí","16,8tr",7,Thuanphatsmartphone 75,8%,₫1.344.400,https://shopee.vn/product/1779265991/49507854503,https://s.shopee.vn/4VaOZhJt28
49709645215,"Xiaomi Redmi Pad SE 16GB+512GB 11"" | Snapdragon 680 | Pin 8000mAh | Dual SIM | Tặng quà","2,5tr",0,Factory Mobile,13%,₫324.870,https://shopee.vn/product/1557155991/49709645215,https://s.shopee.vn/4LGyNOKWN7
24305566994,"Gậy chụp ảnh 4 chân P185 - Tripod điện thoại livestream, quay phim, chụp ảnh kéo dài 180cm, có remote","329,0k",20k+,Phụ Kiện _18,19%,₫62.510,https://shopee.vn/product/49805212/24305566994,https://s.shopee.vn/4AxYB5L9i6
41903287402,"Xiaomi Vòng đeo tay thông minh Band 10 | AMOLED 1,72"" | Pin 21 ngày - BH 1 năm chính hãng","1,1tr",1k+,Xiaomi Official Store Vietnam,6%,₫65.400,https://shopee.vn/product/1150105706/41903287402,https://s.shopee.vn/40e7ymLn35
41268214972,Apple iPhone 17 Pro 256GB Chính hãng ZP/A,"35,0tr",990,Viettel Store- AAR ,4%,₫1.399.600,https://shopee.vn/product/308461157/41268214972,https://s.shopee.vn/5Aq5MvHLgK
27794294696,Máy tính bảng Xiaomi Pad 8 (8+128GB|8+256GB)| Pin 9200mAh (typ)| Màn hình 3.2K 144Hz| Vi xử lý Snapdragon 8s Gen 4,"11,2tr",477,Xiaomi Official Store,6%,₫671.400,https://shopee.vn/product/1524999479/27794294696,https://s.shopee.vn/50WfAcHz1J
42874449161,"Quạt Cầm Tay Mini T10 Siêu Mát, Với 3 Tốc Độ Gió Làm Giá Đỡ Điện Thoại Lại Pin Khủng Có Thể Sạc Nhiều Màu Sắc","39,0k",10k+,COURT NATURE STORE,29%,₫11.310,https://shopee.vn/product/1632480189/42874449161,https://s.shopee.vn/4qDEyJIcMI
42880344383,2026 Đồng hồ thông minh Honor Choice Watch 2 Pro Màn hình AMOLED 1.97'' Pin đến 14 ngày Theo dõi sức khỏe BH 12 tháng,"1,6tr",3,Wisezen Vietnam,12%,₫190.800,https://shopee.vn/product/1452683839/42880344383,https://s.shopee.vn/4ftom0JFhH
13928850471,Apple iPhone 13 Chính hãng VN/A,"12,6tr",10k+,Viettel Store- AAR ,4%,₫503.600,https://shopee.vn/product/308461157/13928850471,https://s.shopee.vn/5q5mA9EoKW
46603453557,"[NEW] Máy Tính Bảng Honor Pad 10 8GB + 256GB, Snapdragon 7 Gen3, Màn Hình 12.1 Inch, Pin 10100 mAh, Bảo Hành 18 Tháng","12,0tr",48,HONOR Official Store,6%,₫719.340,https://shopee.vn/product/981287673/46603453557,https://s.shopee.vn/5fmLxqFRfV
28568663205,Tiankeplus Hít nam châm1.8M gậy chụp hình 4 chân Hợp kim nhôm chắc chắn - Camera AI nhận diện khuôn mặt và theo dõi 360,"560,0k",1k+,Tiankeplus Shop.VN,7%,₫39.200,https://shopee.vn/product/1384400819/28568663205,https://s.shopee.vn/5VSvlXG50U
21389337368,"[ CHPLAY ] Đồng hồ thông minh Trẻ em JUNIOR09 WATCH 9 PREMIUM, Lắp SIM 4G | Định vị GPS | Tải App MXH | Wifi | Videocall","799,0k",90k+,JUNIOR09 STORE SMARTWATCH,9%,₫71.910,https://shopee.vn/product/507867749/21389337368,https://s.shopee.vn/5L9VZEGiLT
43430363935,"Samsung A06 5G Chính Hãng 6GB+128GB | Chip Dimensity 6300 | Camera 50MP | Màn 6.7"" HD+ 90Hz","2,8tr",15,Factory Mobile,13%,₫362.700,https://shopee.vn/product/1557155991/43430363935,https://s.shopee.vn/6VLSxNCGyi
28394512352,Máy tính bảng Apple iPad A16 11inch Wifi 128GB (Màn hình 11 inch | RAM 6GB | Pin 28.93 Wh),"10,5tr",5k+,PHONG VU Official Store,4%,₫419.600,https://shopee.vn/product/469040198/28394512352,https://s.shopee.vn/6L22l4CuJh
56956313950,"Gậy chụp hình 4 chân Selfie Tripod P180/P185/P320 quay Video Livestream Chụp Hình xoay 360 độ Cao 1,8m 2,2m","218,3k",1k+,LinhkienSGtool,12%,₫26.196,https://shopee.vn/product/88410260/56956313950,https://s.shopee.vn/6AicYlDXeg
49206007956,"Đồng hồ thông minh Xiaomi Mi Band 10 - Màn hình Amoled 1.72"" - Bluetooth 5.4 - Kháng nước 5ATM","1,1tr",645,MiVietnam,6%,₫63.000,https://shopee.vn/product/1708416650/49206007956,https://s.shopee.vn/60PCMSEAzf
52258397759,"Điện thoại Xiaomi 15 Likenew Fullbox ROM QT , Snapdragon 8 Elite, Bảo hành 12 tháng, hỗ trợ lỗi 1 đổi 1 trong 30 ngày.","10,6tr",17,Thuanphatsmartphone 75,8%,₫846.400,https://shopee.vn/product/1779265991/52258397759,https://s.shopee.vn/7Ab9kb9jcu
28381876918,"[Quạt 50 Giờ Liên Tục] Quạt tích điện để bàn, kẹp bàn, kẹp xe đẩy, quạt mini F06 22000mAh 50 giờ liên tục, Có đèn","189,0k",100k+,Thiên Đường Điện Tử HN,6%,₫11.340,https://shopee.vn/product/272296363/28381876918,https://s.shopee.vn/70HjYIAMxt
56051309035,Bộ Củ Cáp Sạc Nhanh 20W An Toàn Ổn Định- Bảo Vệ Thiết Bị- Không Nóng Máy,"95,0k",994,koozan,11%,₫10.450,https://shopee.vn/product/1670725824/56051309035,https://s.shopee.vn/6pyJLzB0Is
42959261800,"Kiumo【Tiếng Việt】Đồng Hồ Trẻ Em 4G, đàm thoại 2 chiều Bluetooth, định vị và cảnh báo nguy hiểm","959,0k",3k+,Kiumo.Baby,16%,₫153.440,https://shopee.vn/product/1523487171/42959261800,https://s.shopee.vn/6fet9gBddr
46801419726,[ƯU ĐÃI ĐỘC QUYỀN] Điện Thoại Honor X9d 5G 8GB/12GB + 256GB/512GB | Pin 8300mAh | Camera AI OIS 108 MP| BH 24 Tháng,"10,5tr",4k+,HONOR Official Store,6%,₫629.400,https://shopee.vn/product/981287673/46801419726,https://s.shopee.vn/7pqqXp7CH6
40805564536,"Redmi Pad 2｜Màn hình 11"" 2,5K siêu rõ nét｜Pin dung lượng khủng đến 9000mAh (typ)｜Helio G100-Ultra tiên tiến","5,7tr",1k+,Xiaomi Official Store,6%,₫341.400,https://shopee.vn/product/1524999479/40805564536,https://s.shopee.vn/7fXQLW7pc5
25472352950,Quạt cầm tay mini Siêu mát 180 Độ xoay gấp gọn màn hình LED hiện thị kỹ thuật số,"360,0k",15,Thời đại Ai,12%,₫43.200,https://shopee.vn/product/1142008805/25472352950,https://s.shopee.vn/7VE09D8Sx4
23457400333,Đồng hồ thông minh Định vị Trẻ em Lắp sim Nghe gọi Video Call Chống nước cho bé trai bé gái JUNIOR09 WATCH KID MINI,"899,0k",1k+,JUNIOR09 STORE SMARTWATCH,9%,₫80.910,https://shopee.vn/product/507867749/23457400333,https://s.shopee.vn/7KuZwu96I3
56207842199,"Điện thoại Redmi K90 - Fullbox Full Phụ Kiện, Bảo hành 12 tháng, Lỗi 1 đổi 1 trong 30 ngày đầu - Snapdragon 8 Elite.","10,1tr",14,Thuanphatsmartphone 75,8%,₫808.000,https://shopee.vn/product/1779265991/56207842199,https://s.shopee.vn/8V6XL34evI
43454142071,[Tặng Kèm Bàn Phím] Máy Tính Bảng Honor Pad X9a Wifi 6GB+128GB| Pin 8300mAh| Chip Snapdragon 685| BH 18 Tháng,"6,2tr",1k+,HONOR Official Store,6%,₫371.340,https://shopee.vn/product/981287673/43454142071,https://s.shopee.vn/8Kn78k5IGH
21587529485,"Quạt Tích Điện Tự Động Xoay, Quạt Kẹp Xe Đẩy, Quạt Để Bàn Góc Xoay 160°, Không Gây Tiếng Ồn NKC20","357,0k",3k+,Nam Khánh Tuyển Chọn,16%,₫57.112,https://shopee.vn/product/1219799080/21587529485,https://s.shopee.vn/8ATgwR5vbG
51506369355,Đồng hồ thông minh Amazfit T-Rex Ultra 2 | Lưng Titanium | Voice Memo | Grade Adjusted Pace- Hàng chính hãng - BH 12th,"15,0tr",44,Amazfit Official_Store,7%,₫1.049.300,https://shopee.vn/product/805717445/51506369355,https://s.shopee.vn/80AGk86YwF
24835940211,Apple iPhone 16 128GB Chính hãng VN/A,"20,8tr",3k+,Viettel Store- AAR ,4%,₫831.600,https://shopee.vn/product/308461157/24835940211,https://s.shopee.vn/9AME8H27ZU
28151458673,"Quạt Tích Điện Kẹp LOẠI TO JOTARO J28 Pin Siêu Trâu 60Giờ, Hiện thị %pin, Dung Lượng Pin lớn, Lồng quạt 20cm","318,0k",20k+,Thiên Đường Điện Tử HN,6%,₫19.080,https://shopee.vn/product/272296363/28151458673,https://s.shopee.vn/902nvy2kuT
46258482111,Sạc Dự Phòng PISEN PowerMag 20W 10000mAh Sạc Nhanh Không Dây 2in1 Pin Trâu Nhỏ Gọn Giá Đỡ LS-DY240,"580,0k",34,Pisen ViệtNam,14%,₫81.200,https://shopee.vn/product/1574220340/46258482111,https://s.shopee.vn/8pjNjf3OFS
47409645243,[Bán Chạy] Aolon Tetra R4 Đồng hồ thông minh xịn | GPS | AMOLED | Strava | Theo dõi sức khỏe | Chống nước 1ATM,"902,0k",490,AOLON,14%,₫126.280,https://shopee.vn/product/1542481969/47409645243,https://s.shopee.vn/8fPxXM41aR
45759495272,"Samsung Galaxy A15 5G (6GB + 128GB) | Màn Hình 6.5"" Super AMOLED | Camera 50MP | Bảo Hành Chính Hãng Samsung Việt Nam","3,2tr",72,Factory Mobile,13%,₫414.700,https://shopee.vn/product/1557155991/45759495272,https://s.shopee.vn/9pbuvUzaDg
44178461505,"Quạt Mini Tích Điện F06 [ BẢN MỚI ] – Gió Mạnh, Pin Trâu 50H, Bảo Hành 15 Tháng","189,0k",30k+,Thiên Đường Điện Tử HN,6%,₫11.340,https://shopee.vn/product/272296363/44178461505,https://s.shopee.vn/9fIUjC0DYf
44011988316,Quạt mini đeo thắt lưng F15 Cao Cấp - 7 Cấp Độ Gió 15.000mAh . động co turbo mạnh khỏe,"451,0k",163,Công Nghệ Airjiki,12%,₫54.120,https://shopee.vn/product/1558788915/44011988316,https://s.shopee.vn/9Uz4Wt0qte
26878773195,"Máy phiên dịch Lingotrans XF5 Pro -AI Phiên dịch Giọng nói Không Cần Mạng Cao Cấp, tích hợp AI","4,9tr",55,Thế Giới Máy Phiên Dịch Lingo,19%,₫931.000,https://shopee.vn/product/958659325/26878773195,https://s.shopee.vn/9KfeKa1UEd
40514520161,"Xiaomi 15T | Thiết kế thân máy bo tròn thanh lịch | Màn hình 6.83"" bảo vệ mắt cùng tần số quét 120Hz","11,7tr",983,Xiaomi Official Store,6%,₫701.400,https://shopee.vn/product/1524999479/40514520161,https://s.shopee.vn/AUrbiix2rs
43867418589,Máy tính bảng Nubia Pad Pro 2025 Mỏng Nhẹ I Chip Snapdragon 8 gen 3 I Pin 10100mAh 60W I Màn hình 2.8K I Tản nhiệt 6 lớp,"11,0tr",172,Nubia Official Store,7%,₫769.300,https://shopee.vn/product/301723517/43867418589,https://s.shopee.vn/AKYBWPxgCr
29361852695,"Gậy chụp ảnh 4 chân P180 Q515TK, Gậy Selfie Cầm Tay Tặng Kèm Remote, Chiều Dài Sử Dụng 30-180cm - Chính Hãng","278,4k",5k+,HARUNA-Thiết bị phònglive,14%,₫38.972,https://shopee.vn/product/1264450754/29361852695,https://s.shopee.vn/AAElK6yJXq
26378514606,Đồng Hồ Thông Minh REPI Band 34MM Nam Nữ - Phù Hợp Cổ Tay Nhỏ - Chống nước IP68 - BẢO HÀNH 12 THÁNG,"1,0tr",651,BEECUBE Miền Nam,9%,₫93.510,https://shopee.vn/product/1479351581/26378514606,https://s.shopee.vn/9zvL7nywsp
48708025902,🔥Điện thoại S24 Ultra 256GB/512GB Snap Rồng Máy Đẹp Keng cũ đẹp 99% Full Chức Năng,"18,8tr",32,DI ĐỘNG HÀN STORE,6%,₫1.127.400,https://shopee.vn/product/1401431038/48708025902,https://s.shopee.vn/Lkpc2ZkUy
29918255349,"Máy tính bảng Honor Pad X8a 4GB+128GB | Màn hình TFT LCD 11"" 90Hz | Pin 8300mAh | BH 18 tháng","4,7tr",3k+,HONOR Official Store,6%,₫281.340,https://shopee.vn/product/981287673/29918255349,https://s.shopee.vn/W4FoLZ7A1
27412502902,sạc nhanh chính hãng PD 20W Suntaiho ip cục sạc dây sạc cáp type c Cho iPhone iPad,"55,0k",935,Suntaiho Official Store,14%,₫7.700,https://shopee.vn/product/117097312/27412502902,https://s.shopee.vn/17zDQb1Aw
27513694813,Đồng Hồ Thông Minh HUAWEI WATCH D2 | Theo Dõi Huyết Áp Động| Thiết Kế Mỏng Nhẹ | Quản Lý Sức Khỏe Toàn Diện,"8,2tr",1k+,Huawei Flagship Store,8%,₫658.560,https://shopee.vn/product/93963889/27513694813,https://s.shopee.vn/BRPPjaNpz
27978760274,Điện thoại Samsung Galaxy A15 5G 6GB | 128GB,"3,2tr",1k+,Lucky_Studio,14%,₫446.600,https://shopee.vn/product/1212622919/27978760274,https://s.shopee.vn/110WPGXD9A
25334769895,"Máy tính bảng HUAWEI MatePad SE 11”| Thiết Kế Kim Loại Nguyên Khối||Màn Hình HUAWEI FullView 11"" Thoải Mái Cho Mắt","4,4tr",1k+,Huawei Flagship Store,8%,₫352.640,https://shopee.vn/product/93963889/25334769895,https://s.shopee.vn/1BJwbZWZoD
50457818875,Quạt Tích Điện Pin 10-20 Cell Dùng Liên Tục 7-12H Mini Gọn Nhẹ Bền Đẹp Tiện Lợi Đa Năng,"182,0k",3k+,Ô Xinh - ĐỒ TRUNG GIÁ RẺ,14%,₫25.480,https://shopee.vn/product/1783198749/50457818875,https://s.shopee.vn/gNg0eYTp8
40752431100,"Aolon Curve Đồng Hồ Thông Minh – Thiết kế màn hình cong, IP68, Thông báo tin nhắn,Theo Dõi Sức Khỏe, smart watch","459,0k",6k+,AOLON,14%,₫64.260,https://shopee.vn/product/1542481969/40752431100,https://s.shopee.vn/qh6CxXqUB
46459250256,"Vivo X200Ultra chip Snap 8 Elite, hàng Fullbox, bảo hành 1 đổi 1 - Wingmobile","21,0tr",20,WING MOBILE SHOP,6%,₫1.260.000,https://shopee.vn/product/1807447366/46459250256,https://s.shopee.vn/1gGDCUUfnM
7431283601,Sim Vietnam tạo tất cả các loại tài khoản... Nghe gọi vào mạng,"5,0k",80k+,SIM GIÁ RẺ HN,4%,₫201,https://shopee.vn/product/187617976/7431283601,https://s.shopee.vn/1qZdOnU2SP
28262403245,"Giá Đỡ Điện Thoại Đeo Cổ Ngực Xoay 360° Rảnh Tay, Gắn Nam Châm Chắc Chắn - Phù Hợp Mọi Dòng Máy Điện Thoại","455,0k",3k+,JoyTek,13%,₫59.150,https://shopee.vn/product/432331029/28262403245,https://s.shopee.vn/1LdMnsVwTK
22484071669,"[ TẢI APP_MXH ] Đồng Hồ Thông Minh JUNIOR09 WATCH PREMIUM, Lắp Sim 4G Nghe Gọi - Định vị, Kết nối Wifi, Lướt Web Mạng XH","1,4tr",2k+,JUNIOR09 STORE SMARTWATCH,9%,₫129.510,https://shopee.vn/product/507867749/22484071669,https://s.shopee.vn/1Vwn0BVJ8N
19985456704,Điện thoại Xiaomi Redmi 9 Cũ 99%(4GB/64GB) PIN 5020mh Loa Ngoài lớn,"1,2tr",13,Shop điện thoại người già,9%,₫104.400,https://shopee.vn/product/276123324/19985456704,https://s.shopee.vn/2LVtziS8RY
42650854903,"[QUẠT LIÊN TỤC 64 GIỜ] Quạt Tích Điện Kẹp Loại To JOTARO J28 Pin Trâu, 6 CẤP GIÓ, Đèn RGB, Màn hình LED, Lồng Quạt 22Cm","318,0k",10k+,JOTARO Việt Nam.,6%,₫19.080,https://shopee.vn/product/797561417/42650854903,https://s.shopee.vn/2VpKC1RV6b
42107770363,Quạt Đeo Cổ Xiaomi Di Động Quạt Treo Cổ Tích Điện Mini Màn hình LCD Gió Mạnh 6 Cấp Độ,"460,8k",119,Mi Home Store,19%,₫87.543,https://shopee.vn/product/1016154241/42107770363,https://s.shopee.vn/20t3b6TP7W
26618376410,"Đồng hồ thông minh Xiaomi Redmi Watch 5 Lite - Màn hình AMOLED 1,96"" - Thời lượng pin lên đến 18 ngày - GNSS tích hợp","1,2tr",2k+,Xiaomi Vietnam Brand Store,6%,₫71.400,https://shopee.vn/product/1396654883/26618376410,https://s.shopee.vn/2BCTnPSlmZ
55011120173,Điện Thoại Thông Minh Xiaomi 17T 5G 12GB 512GB Chính Hãng,"14,7tr",28,DI ĐỘNG KHANG LONG,6%,₫881.940,https://shopee.vn/product/1688502263/55011120173,https://s.shopee.vn/30lamwPb5k
43411792099,"Mới Máy tính bảng HUAWEI MatePad Pro 12.2"" Màn Hình Tandem OLED PaperMatte | Ứng Dụng GoPaint Với Bộ Cọ Vẽ Chuyên Nghiệp","24,0tr",190,Huawei Flagship Store,8%,₫1.919.200,https://shopee.vn/product/93963889/43411792099,https://s.shopee.vn/3B50zFOxkn
50510423835,Quạt Tích Điện Cầm tay mini JISULIFE 7 3600/5000 mAh | 5 Cấp Độ Gió sử dụng lên đến 12H | BH 12 THÁNG,"349,0k",139,Phụ Kiện TDC Mobi,8%,₫27.920,https://shopee.vn/product/83171487/50510423835,https://s.shopee.vn/2g8kOKQrli
41318341242,Đồng Hồ Thông Minh HUAWEI WATCH GT6 Series | Tập Luyện Nâng Cao | Theo Dõi Sức Khỏe Toàn Diện | Pin Đến 21 Ngày,"4,5tr",10k+,Huawei Flagship Store,8%,₫359.200,https://shopee.vn/product/93963889/41318341242,https://s.shopee.vn/2qSAadQEQl
51609349727,"Samsung Galaxy A26 5G 8GB+256GB | Màn hình 6.7"" FHD+ Super AMOLED | Camera 50MP | IP67","5,0tr",2,Snow Movie,9%,₫449.910,https://shopee.vn/product/1327115533/51609349727,https://s.shopee.vn/3g1HaAN3jw
22985842865,SANSUNG Máy tính bảng mới 12GB+512GB 11.2inch Galaxy máy tính bảng học văn phòng giải trí giá rẻ tablet pc thẻ sim kép,"1,1tr",7k+,Tablet Top,6%,₫64.800,https://shopee.vn/product/1092596267/22985842865,https://s.shopee.vn/3qKhmTMQOz
29227625184,(Tặng Remote) Gậy chụp ảnh Selfie 4 chân A14 1M8 điều khiển từ xa có phân loại đèn trợ sáng Tripod chụp ảnh,"168,0k",40k+,Tripod Top 1 Vietnam,11%,₫18.480,https://shopee.vn/product/1057455591/29227625184,https://s.shopee.vn/3LORBYOKPu
49356391818,"Vòng Đeo Tay Thông Minh HUAWEI Band 11 | Mỏng Nhẹ, Màn Hình Lớn | Quản Lý Sức Khỏe Nâng Cao | 100+ Chế Độ Luyện Tập","1,0tr",2k+,Viettel Store Official,4%,₫40.360,https://shopee.vn/product/600507109/49356391818,https://s.shopee.vn/3VhrNrNh4x
54008500081,"Điện Thoại Xiaomi 17 - Full Box Full Phụ Kiện, Bảo Hành 12 Tháng Lỗi 1 Đổi 1 Trong 30 Ngày Đầu- Snapdragon 8 Elite Gen 5","15,6tr",10,Thuanphatsmartphone 75,8%,₫1.245.440,https://shopee.vn/product/1779265991/54008500081,https://s.shopee.vn/4LGyNOKWO8
5518050434,Sim Vietnamobie giá rẻ OTP...Nghe gọi nhắn tin vào mạng,"5,4k",100k+,SIM GIÁ RẺ HN,4%,₫218,https://shopee.vn/product/187617976/5518050434,https://s.shopee.vn/4VaOZhJt3B
28262121460,"Gậy chụp ảnh 4 chân Selfie cao 1m8 A14, tay cành chỉnh xoay 360°,có remote bluetooth,xếp gọn 30cm, quay video","295,0k",1k+,Phụ Kiện Ốp Store,13%,₫38.350,https://shopee.vn/product/76800466/28262121460,https://s.shopee.vn/40e7ymLn46
41157280582,"Đồng hồ thông minh Samsung Galaxy Watch8, Galaxy AI","8,5tr",357,SAMSUNG OFFICIAL STORE,4%,₫341.000,https://shopee.vn/product/65589552/41157280582,https://s.shopee.vn/4AxYB5L9j9
51754324237,Điện Thoại Oppo A6T 4GB/64GB - Hàng Chính Hãng,"4,1tr",641,DI ĐỘNG KHANG LONG,6%,₫244.500,https://shopee.vn/product/1688502263/51754324237,https://s.shopee.vn/50WfAcHz2K
10179665150,"Bàn ghế vải dù gấp gọn cho quán Trà tranh , Câu cá , Du lịch , Dã ngoại","57,0k",90k+,Hải Phụ Kiện Thông Minh Store,4%,₫2.280,https://shopee.vn/product/636806020/10179665150,https://s.shopee.vn/5Aq5MvHLhN
45358208563,"(Loại 1) 2026 Quạt cầm tay mini pin 3000mah 5 cấp độ, sạc pin tiện dụng, nhỏ gọn","140,1k",156,Mini Fan World 2026,19%,₫26.611,https://shopee.vn/product/402954686/45358208563,https://s.shopee.vn/4ftom0JFiI
28641952818,"Đồng hồ thông minh GOOJODOQ chống nước IP68 theo dõi nhịp tim thực tế, oxy trong máu, chế độ chờ lâu","389,0k",245,GoojodoqMall.VN,14%,₫54.460,https://shopee.vn/product/958778013/28641952818,https://s.shopee.vn/4qDEyJIcNL
54557694181,Điện Thoại Redmi Turbo 5 Max (12GB/256GB) Mới Fullbox,"9,6tr",5,Phụ Kiện_Công Nghệ Số,6%,₫576.666,https://shopee.vn/product/807472260/54557694181,https://s.shopee.vn/5fmLxqFRgW
3516283452,"Kho Sim Vietnamobile giá rẻ , nhận OTP tạo các loại tài khoản","5,0k",100k+,SIM GIÁ RẺ HN,4%,₫201,https://shopee.vn/product/187617976/3516283452,https://s.shopee.vn/5q5mA9EoLZ
43705417224,"Anker Zolo Củ Sạc 20/30W PD GaN - Sạc Nhanh Không Nóng, Chân Gập Gọn, Cho Samsung iPhone 7-17 [BH 18 tháng]","232,0k",9k+,focos,14%,₫32.480,https://shopee.vn/product/1439789223/43705417224,https://s.shopee.vn/5L9VZEGiMU
22785111806,"[ SIZE MINI - TẶNG ỐP ] Đồng Hồ Thông Minh Trẻ Em JUNIOR09 WATCH KID LITE, Lắp Sim Nghe Gọi - Định Vị - Video Call - SOS","899,0k",1k+,JUNIOR09 STORE SMARTWATCH,9%,₫80.910,https://shopee.vn/product/507867749/22785111806,https://s.shopee.vn/5VSvlXG51X
46456098642,Điện thoại thông minh POCO X8 PRO| Pin cực lớn 6500mAh(typ) sạc nhanh 100W| Màn hình AMOLED 1.5K 120Hz,"10,5tr",8k+,Xiaomi Official Store,6%,₫629.400,https://shopee.vn/product/1524999479/46456098642,https://s.shopee.vn/6L22l4CuKi
2843535115,Sim 4G Trọn Gói 1 Năm Miễn Phí 7GB/Ngày Tốc Độ Cao - Sim 4G Vietnamobile Miễn Phí 12 Tháng Giá Rẻ,"46,5k",100k+,Shop Sim Giá Rẻ,4%,₫1.860,https://shopee.vn/product/17217586/2843535115,https://s.shopee.vn/6VLSxNCGzl
